Status,Priority,Urgency,Alerts,Title,Created (Pacific Time),Created (UTC)
resolved,high,1,Media PagerDuty Slow Response Channel STAGE,,Sep 21 at 8:42 PM,Sep 22 at 3:42 AM
resolved,high,1,Media PagerDuty Slow Response Channel STAGE,,Sep 17 at 4:02 PM,Sep 17 at 11:02 PM
resolved,high,1,Media PagerDuty Slow Response Channel STAGE,,Sep 15 at 8:07 PM,Sep 16 at 3:07 AM
resolved,high,1,Media PagerDuty Slow Response Channel STAGE,,Sep 15 at 7:50 PM,Sep 16 at 2:50 AM
resolved,high,1,Media PagerDuty Slow Response Channel STAGE,,Sep 15 at 7:21 PM,Sep 16 at 2:21 AM
resolved,high,1,Media PagerDuty Slow Response Channel STAGE,,Sep 15 at 6:38 PM,Sep 16 at 1:38 AM
resolved,high,1,Media PagerDuty Slow Response Channel STAGE,,Sep 15 at 5:16 PM,Sep 16 at 12:16 AM
resolved,high,1,Media PagerDuty Slow Response Channel STAGE,,Sep 15 at 5:16 PM,Sep 16 at 12:16 AM
resolved,high,1,Media PagerDuty Slow Response Channel STAGE,,Sep 15 at 4:34 PM,Sep 15 at 11:34 PM
resolved,high,1,Media PagerDuty Slow Response Channel STAGE,,Sep 15 at 4:06 PM,Sep 15 at 11:06 PM
resolved,high,1,Media PagerDuty Slow Response Channel STAGE,,Sep 15 at 3:04 PM,Sep 15 at 10:04 PM
resolved,high,1,Media PagerDuty Slow Response Channel STAGE,,Sep 15 at 2:48 PM,Sep 15 at 9:48 PM
resolved,high,1,Media PagerDuty Slow Response Channel STAGE,,Sep 15 at 7:23 AM,Sep 15 at 2:23 PM
resolved,high,1,Media PagerDuty Slow Response Channel STAGE,,Sep 15 at 7:05 AM,Sep 15 at 2:05 PM
resolved,high,1,Media PagerDuty Slow Response Channel STAGE,,Sep 14 at 5:15 PM,Sep 15 at 12:15 AM
resolved,high,1,Media PagerDuty Slow Response Channel STAGE,,Sep 14 at 4:59 PM,Sep 15 at 11:59 PM
resolved,high,1,Media PagerDuty Slow Response Channel STAGE,,Sep 14 at 11:59 AM,Sep 14 at 6:59 PM
resolved,high,1,Media PagerDuty Slow Response Channel STAGE,,Sep 14 at 11:43 AM,Sep 14 at 6:43 PM
resolved,high,1,Media PagerDuty Slow Response Channel STAGE,,Sep 10 at 6:11 PM,Sep 11 at 1:11 AM
resolved,high,1,Media PagerDuty Slow Response Channel STAGE,,Sep 8 at 7:32 AM,Sep 8 at 2:32 PM
resolved,high,1,Media PagerDuty Slow Response Channel STAGE,,Sep 4 at 7:53 PM,Sep 5 at 2:53 AM
resolved,high,1,Media PagerDuty Slow Response Channel STAGE,,Sep 4 at 2:33 PM,Sep 4 at 9:33 PM
resolved,high,1,Media PagerDuty Slow Response Channel STAGE,,Sep 3 at 8:24 PM,Sep 4 at 3:24 AM
resolved,high,1,Media PagerDuty Slow Response Channel STAGE,,Sep 1 at 9:28 AM,Sep 1 at 4:28 PM
resolved,high,1,Media PagerDuty Slow Response Channel STAGE,,Aug 31 at 7:19 PM,Sep 1 at 2:19 AM
resolved,high,1,Media PagerDuty Slow Response Channel STAGE,,Aug 29 at 8:41 PM,Aug 30 at 3:41 AM
resolved,high,1,Media PagerDuty Slow Response Channel STAGE,,Aug 28 at 1:59 PM,Aug 28 at 8:59 PM
resolved,high,1,Media PagerDuty Slow Response Channel STAGE,,Aug 27 at 7:13 PM,Aug 28 at 2:13 AM
resolved,high,1,Media PagerDuty Slow Response Channel STAGE,,Aug 24 at 4:58 PM,Aug 25 at 12:58 AM
resolved,high,1,Media PagerDuty Slow Response Channel STAGE,,Aug 24 at 12:31 PM,Aug 24 at 7:31 PM
resolved,high,1,Media PagerDuty Slow Response Channel STAGE,,Aug 22 at 8:03 PM,Aug 23 at 3:03 AM
resolved,high,1,Media PagerDuty Slow Response Channel STAGE,,Aug 20 at 3:53 PM,Aug 21 at 12:53 AM
resolved,high,1,Media PagerDuty Slow Response Channel STAGE,,Aug 20 at 2:12 PM,Aug 20 at 9:12 PM
resolved,high,1,Media PagerDuty Slow Response Channel STAGE,,Aug 14 at 7:36 PM,Aug 15 at 2:36 AM
resolved,high,1,Media PagerDuty Slow Response Channel STAGE,,Aug 11 at 6:19 PM,Aug 12 at 1:19 AM
resolved,high,1,Media PagerDuty Slow Response Channel STAGE,,Aug 3 at 7:00 PM,Aug 4 at 2:00 AM
resolved,high,1,Media PagerDuty Slow Response Channel STAGE,,Aug 3 at 2:55 PM,Aug 3 at 9:55 PM
resolved,high,1,Media PagerDuty Slow Response Channel STAGE,,Aug 1 at 11:26 AM,Aug 1 at 6:26 PM
resolved,high,1,Media PagerDuty Slow Response Channel STAGE,,Jul 31 at 11:31 AM,Jul 31 at 6:31 PM
resolved,high,1,Media PagerDuty Slow Response Channel STAGE,,Jul 30 at 6:59 AM,Jul 30 at 1:59 PM
resolved,high,1,Media PagerDuty Slow Response Channel STAGE,,Jul 19 at 5:56 PM,Jul 20 at 12:56 AM
resolved,high,1,Media PagerDuty Slow Response Channel STAGE,,Jul 16 at 8:09 PM,Jul 17 at 3:09 AM
